,precision,recall,f1-score,support
Non-Sarcastic,0.888055972013993,0.7649591046061128,0.8219241443108233,2323.0
Sarcastic,0.6863871338311315,0.8421423537702607,0.7563291139240507,1419.0
accuracy,0.7942276857295564,0.7942276857295564,0.7942276857295564,0.7942276857295564
macro avg,0.7872215529225622,0.8035507291881867,0.789126629117437,3742.0
weighted avg,0.811581337759188,0.7942276857295564,0.7970499198001791,3742.0
