,precision,recall,f1-score,support
Non-Sarcastic,0.8710327455919396,0.7442961687473095,0.8026926648096564,2323.0
Sarcastic,0.6619237336368811,0.8195912614517266,0.732367758186398,1419.0
accuracy,0.7728487439871726,0.7728487439871726,0.7728487439871726,0.7728487439871726
macro avg,0.7664782396144103,0.7819437150995181,0.7675302114980271,3742.0
weighted avg,0.79173673063624,0.7728487439871726,0.7760248287598425,3742.0
