,precision,recall,f1-score,support
Non-Sarcastic,0.8951653944020356,0.7572105036590615,0.820429104477612,2323.0
Sarcastic,0.6826111423747889,0.8548273431994362,0.7590738423028786,1419.0
accuracy,0.7942276857295564,0.7942276857295564,0.7942276857295564,0.7942276857295564
macro avg,0.7888882683884122,0.8060189234292489,0.7897514733902453,3742.0
weighted avg,0.8145629134756157,0.7942276857295564,0.7971626381425112,3742.0
