,precision,recall,f1-score,support
Non-Sarcastic,0.866148926450434,0.8161859664227292,0.8404255319148937,2323.0
Sarcastic,0.7250482936252415,0.7935165609584214,0.7577388963660835,1419.0
accuracy,0.8075895243185462,0.8075895243185462,0.8075895243185462,0.8075895243185462
macro avg,0.7955986100378377,0.8048512636905754,0.7990822141404885,3742.0
weighted avg,0.8126422995185932,0.8075895243185462,0.8090700172586238,3742.0
