,precision,recall,f1-score,support
Non-Sarcastic,0.997670486567725,0.9931552962298025,0.995407771175798,26736.0
Sarcastic,0.9925531049076259,0.9974645237803133,0.9950027535847594,24453.0
accuracy,0.995213815468167,0.995213815468167,0.995213815468167,0.995213815468167
macro avg,0.9951117957376754,0.9953099100050579,0.9952052623802787,51189.0
weighted avg,0.9952259118791318,0.995213815468167,0.9952142941562495,51189.0
