,precision,recall,f1-score,support
Non-Sarcastic,0.9789306751246035,0.9697037701974865,0.9742953776775648,26736.0
Sarcastic,0.9672131147540983,0.9771807140228193,0.9721713658000732,24453.0
accuracy,0.97327550841001,0.97327550841001,0.97327550841001,0.97327550841001
macro avg,0.9730718949393509,0.973442242110153,0.9732333717388191,51189.0
weighted avg,0.9733331931706688,0.97327550841001,0.9732807365937323,51189.0
