,precision,recall,f1-score,support
Non-Sarcastic,0.5223099163866531,1.0,0.6862070735588522,26736.0
Sarcastic,1.0,4.0894777736883e-05,8.178621084485155e-05,24453.0
accuracy,0.5223192482759969,0.5223192482759969,0.5223192482759969,0.5223192482759969
macro avg,0.7611549581933266,0.5000204473888684,0.34314442988484856,51189.0
weighted avg,0.7505026065075223,0.5223192482759969,0.35844482675737493,51189.0
